[
  {
    "theme_documentation_url": "https:\/\/help.shopify.com\/manual\/using-themes\/sections",
    "theme_support_url": "https:\/\/support.shopify.com\/",
    "theme_version": "1.1.0",
    "theme_author": "Shopify",
    "name": "theme_info",
    "theme_name": "Debut"
  },
  {
    "settings": [
      {
        "content": "Text and buttons",
        "type": "header"
      },
      {
        "type": "html",
        "id": "testimonial_header",
        "label": "Custom HTML",
        "default": "<div><h2>Lorem dolor sit amet, consectetur adipiscing elit<\/h2><\/div>"
      },
      {
        "type": "html",
        "id": "user_text1",
        "label": "Custom HTML",
        "default": "<div>Lorem ipsum dolor sit amet, consectetur adipiscing elit Lorem ipsum dolor sit amet, consectetur adipiscing elit<\/div>"
      },
      {
        "type": "html",
        "id": "user_name1",
        "label": "Custom HTML",
        "default": "<div>Name Username<\/div>"
      },
      {
        "type": "html",
        "id": "user_text2",
        "label": "Custom HTML",
        "default": "<div>Lorem ipsum dolor sit amet, consectetur adipiscing elit Lorem ipsum dolor sit amet, consectetur adipiscing elit<\/div>"
      },
      {
        "type": "html",
        "id": "user_name2",
        "label": "Custom HTML",
        "default": "<div>Name Username<\/div>"
      },
      {
        "type": "html",
        "id": "user_text3",
        "label": "Custom HTML",
        "default": "<div>Lorem ipsum dolor sit amet, consectetur adipiscing elit Lorem ipsum dolor sit amet, consectetur adipiscing elit<\/div>"
      },
      {
        "type": "html",
        "id": "user_name3",
        "label": "Custom HTML",
        "default": "<div>Name Username<\/div>"
      },
      {
        "type": "html",
        "id": "testimonial",
        "label": "Custom HTML",
        "default": "<div>sfddsdsdsd<\/div>"
      },
      {
        "type": "html",
        "id": "why_buy_area",
        "label": "Custom HTML",
        "default": "<div><h3>Why buy from Fox Stark<\/h3><\/div>"
      },
      {
        "type": "html",
        "id": "reason1",
        "label": "Custom HTML",
        "default": "<div><p>Lorem ipsum dolor sit amet, consectetur adipiscing elit<\/p><\/div>"
      },
      {
        "type": "html",
        "id": "reason2",
        "label": "Custom HTML",
        "default": "<div><p>Lorem ipsum dolor sit amet, consectetur adipiscing elit<\/p><\/div>"
      },
      {
        "type": "html",
        "id": "reason3",
        "label": "Custom HTML",
        "default": "<div><p>Lorem ipsum dolor sit amet, consectetur adipiscing elit<\/p><\/div>"
      },
      {
        "id": "color_text",
        "default": "#3d4246",
        "label": "Headings and links",
        "type": "color"
      },
      {
        "id": "color_body_text",
        "default": "#788188",
        "label": "Body text",
        "type": "color"
      },
      {
        "id": "color_sale_text",
        "default": "#7796A8",
        "label": "Sale text",
        "type": "color"
      },
      {
        "id": "color_borders",
        "default": "#e8e9eb",
        "label": "Borders and lines",
        "type": "color"
      },
      {
        "id": "color_button",
        "default": "#7796A8",
        "label": "Buttons",
        "type": "color"
      },
      {
        "id": "color_button_text",
        "default": "#fff",
        "label": "Button text",
        "type": "color"
      },
      {
        "id": "color_small_button",
        "default": "#fff",
        "label": "Small buttons",
        "type": "color"
      },
      {
        "id": "color_small_button_text",
        "default": "#3d4246",
        "label": "Small button text",
        "type": "color"
      },
      {
        "id": "color_text_field",
        "default": "#fff",
        "label": "Text fields",
        "type": "color"
      },
      {
        "id": "color_text_field_text",
        "default": "#000",
        "label": "Text field text",
        "type": "color"
      },
      {
        "content": "Image overlays",
        "type": "header"
      },
      {
        "id": "color_image_overlay_text",
        "default": "#fff",
        "label": "Text",
        "type": "color"
      },
      {
        "id": "color_image_overlay",
        "default": "#3d4246",
        "label": "Background",
        "type": "color"
      },
      {
        "id": "image_overlay_opacity",
        "default": "0.25",
        "label": "Opacity",
        "type": "select",
        "options": [
          {
            "value": "0.9",
            "label": "90%"
          },
          {
            "value": "0.85",
            "label": "85%"
          },
          {
            "value": "0.8",
            "label": "80%"
          },
          {
            "value": "0.75",
            "label": "75%"
          },
          {
            "value": "0.7",
            "label": "70%"
          },
          {
            "value": "0.65",
            "label": "65%"
          },
          {
            "value": "0.6",
            "label": "60%"
          },
          {
            "value": "0.55",
            "label": "55%"
          },
          {
            "value": "0.5",
            "label": "50%"
          },
          {
            "value": "0.45",
            "label": "45%"
          },
          {
            "value": "0.4",
            "label": "40%"
          },
          {
            "value": "0.35",
            "label": "35%"
          },
          {
            "value": "0.3",
            "label": "30%"
          },
          {
            "value": "0.25",
            "label": "25%"
          },
          {
            "value": "0.2",
            "label": "20%"
          },
          {
            "value": "0",
            "label": "0%"
          }
        ]
      },
      {
        "content": "Background",
        "type": "header"
      },
      {
        "id": "color_body_bg",
        "default": "#fff",
        "label": "Background color",
        "type": "color"
      }
    ],
    "name": "Colors"
  },
  {
    "settings": [
      {
        "content": "Headings and buttons",
        "type": "header"
      },
      {
        "id": "type_header_family",
        "default": "Google_Work+Sans_600_sans",
        "label": "Font",
        "type": "select",
        "options": [
          {
            "value": "'Avant Garde', Avantgarde, 'Century Gothic', CenturyGothic, 'AppleGothic', sans-serif",
            "label": "Avant Garde",
            "group": "Sans-serif"
          },
          {
            "value": "'Gill Sans', 'Gill Sans MT', Calibri, sans-serif",
            "label": "Gill Sans",
            "group": "Sans-serif"
          },
          {
            "value": "'HelveticaNeue', 'Helvetica Neue', Helvetica, Arial, sans-serif",
            "label": "Helvetica Neue",
            "group": "Sans-serif"
          },
          {
            "value": "Arial, 'Helvetica Neue', Helvetica, sans-serif",
            "label": "Arial",
            "group": "Sans-serif"
          },
          {
            "value": "Candara, Calibri, Segoe, 'Segoe UI', Optima, Arial, sans-serif",
            "label": "Candara",
            "group": "Sans-serif"
          },
          {
            "value": "Geneva, Tahoma, Verdana, sans-serif",
            "label": "Geneva",
            "group": "Sans-serif"
          },
          {
            "value": "Google_Droid+Sans_400_sans",
            "label": "Droid Sans",
            "group": "Sans-serif | Google Web Fonts"
          },
          {
            "value": "Google_Droid+Sans_700_sans",
            "label": "Droid Sans Bold",
            "group": "Sans-serif | Google Web Fonts"
          },
          {
            "value": "Google_Lato_400_sans",
            "label": "Lato",
            "group": "Sans-serif | Google Web Fonts"
          },
          {
            "value": "Google_Lato_700_sans",
            "label": "Lato Bold",
            "group": "Sans-serif | Google Web Fonts"
          },
          {
            "value": "Google_Montserrat_400_sans",
            "label": "Montserrat",
            "group": "Sans-serif | Google Web Fonts"
          },
          {
            "value": "Google_Montserrat_700_sans",
            "label": "Montserrat Bold",
            "group": "Sans-serif | Google Web Fonts"
          },
          {
            "value": "Google_Open+Sans_400_sans",
            "label": "Open Sans",
            "group": "Sans-serif | Google Web Fonts"
          },
          {
            "value": "Google_Open+Sans_700_sans",
            "label": "Open Sans Bold",
            "group": "Sans-serif | Google Web Fonts"
          },
          {
            "value": "Google_PT+Sans_400_sans",
            "label": "PT Sans",
            "group": "Sans-serif | Google Web Fonts"
          },
          {
            "value": "Google_PT+Sans_700_sans",
            "label": "PT Sans Bold",
            "group": "Sans-serif | Google Web Fonts"
          },
          {
            "value": "Google_Roboto_400_sans",
            "label": "Roboto",
            "group": "Sans-serif | Google Web Fonts"
          },
          {
            "value": "Google_Roboto_700_sans",
            "label": "Roboto Bold",
            "group": "Sans-serif | Google Web Fonts"
          },
          {
            "value": "Google_Source+Sans+Pro_400_sans",
            "label": "Source Sans Pro",
            "group": "Sans-serif | Google Web Fonts"
          },
          {
            "value": "Google_Source+Sans+Pro_700_sans",
            "label": "Source Sans Pro Bold",
            "group": "Sans-serif | Google Web Fonts"
          },
          {
            "value": "Google_Ubuntu_400_sans",
            "label": "Ubuntu",
            "group": "Sans-serif | Google Web Fonts"
          },
          {
            "value": "Google_Ubuntu_700_sans",
            "label": "Ubuntu Bold",
            "group": "Sans-serif | Google Web Fonts"
          },
          {
            "value": "Google_Work+Sans_400_sans",
            "label": "Work Sans",
            "group": "Sans-serif | Google Web Fonts"
          },
          {
            "value": "Google_Work+Sans_600_sans",
            "label": "Work Sans Semi-Bold",
            "group": "Sans-serif | Google Web Fonts"
          },
          {
            "value": "'Big Caslon', 'Book Antiqua', 'Palatino Linotype', Georgia, serif",
            "label": "Big Caslon",
            "group": "Serif"
          },
          {
            "value": "'Calisto MT', 'Bookman Old Style', Bookman, 'Goudy Old Style', Garamond, 'Hoefler Text', 'Bitstream Charter', Georgia, serif",
            "label": "Calisto MT",
            "group": "Serif"
          },
          {
            "value": "Baskerville, 'Baskerville Old Face', 'Hoefler Text', Garamond, 'Times New Roman', serif",
            "label": "Baskerville",
            "group": "Serif"
          },
          {
            "value": "Garamond, Baskerville, 'Baskerville Old Face', 'Hoefler Text', 'Times New Roman', serif",
            "label": "Garamond",
            "group": "Serif"
          },
          {
            "value": "TimesNewRoman, 'Times New Roman', Times, Baskerville, Georgia, serif",
            "label": "Times New Roman",
            "group": "Serif"
          },
          {
            "value": "Google_Arvo_400_serif",
            "label": "Arvo",
            "group": "Serif | Google Web Fonts"
          },
          {
            "value": "Google_Arvo_700_serif",
            "label": "Arvo Bold",
            "group": "Serif | Google Web Fonts"
          },
          {
            "value": "Google_Crimson+Text_400_serif",
            "label": "Crimson Text",
            "group": "Serif | Google Web Fonts"
          },
          {
            "value": "Google_Crimson+Text_700_serif",
            "label": "Crimson Text Bold",
            "group": "Serif | Google Web Fonts"
          },
          {
            "value": "Google_Droid+Serif_400_serif",
            "label": "Droid Serif",
            "group": "Serif | Google Web Fonts"
          },
          {
            "value": "Google_Droid+Serif_700_serif",
            "label": "Droid Serif Bold",
            "group": "Serif | Google Web Fonts"
          },
          {
            "value": "Google_Lora_400_serif",
            "label": "Lora",
            "group": "Serif | Google Web Fonts"
          },
          {
            "value": "Google_Lora_700_serif",
            "label": "Lora Bold",
            "group": "Serif | Google Web Fonts"
          },
          {
            "value": "Google_Old+Standard+TT_400_serif",
            "label": "Old Standard",
            "group": "Serif | Google Web Fonts"
          },
          {
            "value": "Google_Old+Standard+TT_700_serif",
            "label": "Old Standard Bold",
            "group": "Serif | Google Web Fonts"
          },
          {
            "value": "Google_PT+Serif_400_serif",
            "label": "PT Serif",
            "group": "Serif | Google Web Fonts"
          },
          {
            "value": "Google_PT+Serif_700_serif",
            "label": "PT Serif Bold",
            "group": "Serif | Google Web Fonts"
          },
          {
            "value": "Google_Vollkorn_400_serif",
            "label": "Vollkorn",
            "group": "Serif | Google Web Fonts"
          },
          {
            "value": "Google_Vollkorn_700_serif",
            "label": "Vollkorn Bold",
            "group": "Serif | Google Web Fonts"
          }
        ]
      },
      {
        "id": "type_header_base_size",
        "default": "26px",
        "label": "Heading base size",
        "type": "select",
        "options": [
          {
            "value": "20px",
            "label": "20px"
          },
          {
            "value": "22px",
            "label": "22px"
          },
          {
            "value": "24px",
            "label": "24px"
          },
          {
            "value": "26px",
            "label": "26px"
          },
          {
            "value": "28px",
            "label": "28px"
          },
          {
            "value": "30px",
            "label": "30px"
          },
          {
            "value": "32px",
            "label": "32px"
          },
          {
            "value": "34px",
            "label": "34px"
          },
          {
            "value": "36px",
            "label": "36px"
          }
        ]
      },
      {
        "content": "Body text",
        "type": "header"
      },
      {
        "id": "type_base_family",
        "default": "Google_Work+Sans_400_sans",
        "label": "Font",
        "type": "select",
        "options": [
          {
            "value": "'Avant Garde', Avantgarde, 'Century Gothic', CenturyGothic, 'AppleGothic', sans-serif",
            "label": "Avant Garde",
            "group": "Sans-serif"
          },
          {
            "value": "'Gill Sans', 'Gill Sans MT', Calibri, sans-serif",
            "label": "Gill Sans",
            "group": "Sans-serif"
          },
          {
            "value": "'HelveticaNeue', 'Helvetica Neue', Helvetica, Arial, sans-serif",
            "label": "Helvetica Neue",
            "group": "Sans-serif"
          },
          {
            "value": "Arial, 'Helvetica Neue', Helvetica, sans-serif",
            "label": "Arial",
            "group": "Sans-serif"
          },
          {
            "value": "Candara, Calibri, Segoe, 'Segoe UI', Optima, Arial, sans-serif",
            "label": "Candara",
            "group": "Sans-serif"
          },
          {
            "value": "Geneva, Tahoma, Verdana, sans-serif",
            "label": "Geneva",
            "group": "Sans-serif"
          },
          {
            "value": "Google_Droid+Sans_400_sans",
            "label": "Droid Sans",
            "group": "Sans-serif | Google Web Fonts"
          },
          {
            "value": "Google_Droid+Sans_700_sans",
            "label": "Droid Sans Bold",
            "group": "Sans-serif | Google Web Fonts"
          },
          {
            "value": "Google_Lato_400_sans",
            "label": "Lato",
            "group": "Sans-serif | Google Web Fonts"
          },
          {
            "value": "Google_Lato_700_sans",
            "label": "Lato Bold",
            "group": "Sans-serif | Google Web Fonts"
          },
          {
            "value": "Google_Montserrat_400_sans",
            "label": "Montserrat",
            "group": "Sans-serif | Google Web Fonts"
          },
          {
            "value": "Google_Montserrat_700_sans",
            "label": "Montserrat Bold",
            "group": "Sans-serif | Google Web Fonts"
          },
          {
            "value": "Google_Open+Sans_400_sans",
            "label": "Open Sans",
            "group": "Sans-serif | Google Web Fonts"
          },
          {
            "value": "Google_Open+Sans_700_sans",
            "label": "Open Sans Bold",
            "group": "Sans-serif | Google Web Fonts"
          },
          {
            "value": "Google_PT+Sans_400_sans",
            "label": "PT Sans",
            "group": "Sans-serif | Google Web Fonts"
          },
          {
            "value": "Google_PT+Sans_700_sans",
            "label": "PT Sans Bold",
            "group": "Sans-serif | Google Web Fonts"
          },
          {
            "value": "Google_Roboto_400_sans",
            "label": "Roboto",
            "group": "Sans-serif | Google Web Fonts"
          },
          {
            "value": "Google_Roboto_700_sans",
            "label": "Roboto Bold",
            "group": "Sans-serif | Google Web Fonts"
          },
          {
            "value": "Google_Source+Sans+Pro_400_sans",
            "label": "Source Sans Pro",
            "group": "Sans-serif | Google Web Fonts"
          },
          {
            "value": "Google_Source+Sans+Pro_700_sans",
            "label": "Source Sans Pro Bold",
            "group": "Sans-serif | Google Web Fonts"
          },
          {
            "value": "Google_Ubuntu_400_sans",
            "label": "Ubuntu",
            "group": "Sans-serif | Google Web Fonts"
          },
          {
            "value": "Google_Ubuntu_700_sans",
            "label": "Ubuntu Bold",
            "group": "Sans-serif | Google Web Fonts"
          },
          {
            "value": "Google_Work+Sans_400_sans",
            "label": "Work Sans",
            "group": "Sans-serif | Google Web Fonts"
          },
          {
            "value": "Google_Work+Sans_500_sans",
            "label": "Work Sans Semi-Bold",
            "group": "Sans-serif | Google Web Fonts"
          },
          {
            "value": "'Big Caslon', 'Book Antiqua', 'Palatino Linotype', Georgia, serif",
            "label": "Big Caslon",
            "group": "Serif"
          },
          {
            "value": "'Calisto MT', 'Bookman Old Style', Bookman, 'Goudy Old Style', Garamond, 'Hoefler Text', 'Bitstream Charter', Georgia, serif",
            "label": "Calisto MT",
            "group": "Serif"
          },
          {
            "value": "Baskerville, 'Baskerville Old Face', 'Hoefler Text', Garamond, 'Times New Roman', serif",
            "label": "Baskerville",
            "group": "Serif"
          },
          {
            "value": "Garamond, Baskerville, 'Baskerville Old Face', 'Hoefler Text', 'Times New Roman', serif",
            "label": "Garamond",
            "group": "Serif"
          },
          {
            "value": "Georgia, 'Hoefler Text', 'Times New Roman', serif",
            "label": "Georgia",
            "group": "Serif"
          },
          {
            "value": "TimesNewRoman, 'Times New Roman', Times, Baskerville, Georgia, serif",
            "label": "Times New Roman",
            "group": "Serif"
          },
          {
            "value": "Google_Arapey_400_serif",
            "label": "Arapey",
            "group": "Serif | Google Web Fonts"
          },
          {
            "value": "Google_Arvo_400_serif",
            "label": "Arvo",
            "group": "Serif | Google Web Fonts"
          },
          {
            "value": "Google_Arvo_700_serif",
            "label": "Arvo Bold",
            "group": "Serif | Google Web Fonts"
          },
          {
            "value": "Google_Crimson+Text_400_serif",
            "label": "Crimson Text",
            "group": "Serif | Google Web Fonts"
          },
          {
            "value": "Google_Crimson+Text_700_serif",
            "label": "Crimson Text Bold",
            "group": "Serif | Google Web Fonts"
          },
          {
            "value": "Google_Droid+Serif_400_serif",
            "label": "Droid Serif",
            "group": "Serif | Google Web Fonts"
          },
          {
            "value": "Google_Droid+Serif_700_serif",
            "label": "Droid Serif Bold",
            "group": "Serif | Google Web Fonts"
          },
          {
            "value": "Google_Lora_400_serif",
            "label": "Lora",
            "group": "Serif | Google Web Fonts"
          },
          {
            "value": "Google_Lora_700_serif",
            "label": "Lora Bold",
            "group": "Serif | Google Web Fonts"
          },
          {
            "value": "Google_PT+Serif_400_serif",
            "label": "PT Serif",
            "group": "Serif | Google Web Fonts"
          },
          {
            "value": "Google_PT+Serif_700_serif",
            "label": "PT Serif Bold",
            "group": "Serif | Google Web Fonts"
          },
          {
            "value": "Google_Vollkorn_400_serif",
            "label": "Vollkorn",
            "group": "Serif | Google Web Fonts"
          },
          {
            "value": "Google_Vollkorn_700_serif",
            "label": "Vollkorn Bold",
            "group": "Serif | Google Web Fonts"
          }
        ]
      },
      {
        "id": "type_base_size",
        "default": "16px",
        "label": "Base size",
        "type": "select",
        "options": [
          {
            "value": "13px",
            "label": "13px"
          },
          {
            "value": "14px",
            "label": "14px"
          },
          {
            "value": "15px",
            "label": "15px"
          },
          {
            "value": "16px",
            "label": "16px"
          },
          {
            "value": "17px",
            "label": "17px"
          },
          {
            "value": "18px",
            "label": "18px"
          },
          {
            "value": "19px",
            "label": "19px"
          },
          {
            "value": "20px",
            "label": "20px"
          }
        ]
      },
      {
        "id": "type_bold_product_titles",
        "label": "Bold product titles",
        "type": "checkbox"
      }
    ],
    "name": "Typography"
  },
  {
    "settings": [
      {
        "content": "Social sharing options",
        "type": "header"
      },
      {
        "id": "share_facebook",
        "default": true,
        "label": "Share on Facebook",
        "type": "checkbox"
      },
      {
        "id": "share_twitter",
        "default": true,
        "label": "Tweet on Twitter",
        "type": "checkbox"
      },
      {
        "id": "share_pinterest",
        "default": true,
        "label": "Pin on Pinterest",
        "type": "checkbox"
      },
      {
        "content": "Social accounts",
        "type": "header"
      },
      {
        "id": "social_twitter_link",
        "label": "Twitter",
        "type": "text",
        "info": "https:\/\/twitter.com\/shopify"
      },
      {
        "id": "social_facebook_link",
        "label": "Facebook",
        "type": "text",
        "info": "https:\/\/facebook.com\/shopify"
      },
      {
        "id": "social_pinterest_link",
        "label": "Pinterest",
        "type": "text",
        "info": "https:\/\/pinterest.com\/shopify"
      },
      {
        "id": "social_instagram_link",
        "label": "Instagram",
        "type": "text",
        "info": "http:\/\/instagram.com\/shopify"
      },
      {
        "id": "social_tumblr_link",
        "label": "Tumblr",
        "type": "text",
        "info": "http:\/\/shopify.tumblr.com"
      },
      {
        "id": "social_snapchat_link",
        "label": "Snapchat",
        "type": "text",
        "info": "https:\/\/www.snapchat.com\/add\/shopify"
      },
      {
        "id": "social_youtube_link",
        "label": "YouTube",
        "type": "text",
        "info": "https:\/\/www.youtube.com\/shopify"
      },
      {
        "id": "social_vimeo_link",
        "label": "Vimeo",
        "type": "text",
        "info": "https:\/\/vimeo.com\/shopify"
      }
    ],
    "name": "Social media"
  },
  {
    "settings": [
      {
        "id": "favicon",
        "label": "Favicon image",
        "type": "image_picker",
        "info": "Will be scaled down to 32 x 32px"
      }
    ],
    "name": "Favicon"
  },
  {
    "settings": [
      {
        "id": "show_multiple_currencies",
        "default": true,
        "label": "Enable Auto Currency App?",
        "type": "checkbox"
      },
      {
        "content": "Although you will be able to display prices on your store front in different currencies, Shopify will still process orders in your shop's currency.",
        "type": "paragraph"
      },
      {
        "id": "show_decimal_places",
        "default": true,
        "label": "Round Decimal Digits to .00 ?",
        "type": "checkbox"
      },
      {
        "id": "hide_decimal_places",
        "label": "Hide Decimal Digits? ( Remove .00 )",
        "type": "checkbox"
      },
      {
        "content": "By selecting the Hide Decimal Digits checkbox, the prices will be diplayed without decimal digits.",
        "type": "paragraph"
      },
      {
        "id": "currency_format",
        "default": "money_with_currency_format",
        "label": "Money format",
        "type": "select",
        "options": [
          {
            "value": "money_format",
            "label": "Without Currency, ex: $10.00"
          },
          {
            "value": "money_with_currency_format",
            "label": "With Currency, ex: $10 CAD"
          }
        ]
      },
      {
        "id": "supported_currencies",
        "default": "INR GBP CAD USD AUD EUR JPY",
        "label": "Currencies you wish to support",
        "type": "text"
      },
      {
        "id": "default_currency",
        "default": "USD",
        "label": "Default currency",
        "type": "text"
      },
      {
        "content": "Separate your currency codes with a space. Use the ISO 4217 3-letter currency code. Click [here](http:\/\/www.xe.com\/iso4217.php) for a complete list of currency codes. Example: CAD USD.",
        "type": "paragraph"
      }
    ],
    "name": "Money options"
  }
]